SET FOREIGN_KEY_CHECKS = 0;

INSERT INTO  BASE_PRICE(base_id, size, crust_type, price, cost) VALUES
(1, 'small', 'Thin', 3.00, 0.50),
(2, 'small', 'Original', 3.00, 0.75),
(3, 'small', 'Pan', 3.50, 1.00),
(4, 'small', 'Gluten-Free', 4.00, 2.00),
(5, 'medium', 'Thin', 5.00, 1.00),
(6, 'medium', 'Original', 5.00, 1.50),
(7, 'medium', 'Pan', 6.00, 2.25),
(8, 'medium', 'Gluten-Free', 6.25, 3.00),
(9, 'Large', 'Thin', 8.00, 1.25),
(10, 'Large', 'Original', 8.00, 2.00),
(11, 'Large', 'Pan', 9.00, 3.00),
(12, 'Large', 'Gluten-Free', 9.50, 4.00),
(13, 'X-Large', 'Thin', 10.00, 2.00),
(14, 'X-Large', 'Original', 10.00, 3.00),
(15, 'X-Large', 'Pan', 11.50, 4.50),
(16, 'X-Large', 'Gluten-Free', 12.50, 6.00);

INSERT INTO TOPPINGS(top_id, name, unit_price, unit_cost, inventory_level) VALUES
(1, 'Pepperoni', 1.25, 0.2, 100),
(2, 'Sausage', 1.25, 0.15, 100),
(3, 'Ham', 1.5, 0.15, 78),
(4, 'Chicken', 1.75, 0.25, 56),
(5, 'Green Pepper', 0.5, 0.02, 79),
(6, 'Onion', 0.5, 0.02, 85),
(7, 'Roma tomato', 0.75, 0.03, 86),
(8, 'Mushrooms', 0.75, 0.1, 52),
(9, 'Black Olives', 0.6, 0.1, 39),
(10, 'Pineapple', 1, 0.25, 15),
(11, 'Jalapenos', 0.5, 0.05, 64),
(12, 'Banana Peppers', 0.5, 0.05, 36),
(13, 'Regular Cheese', 1.5, 0.12, 250),
(14, 'Four Cheese Blend', 2, 0.15, 150),
(15, 'Feta Cheese', 2, 0.18, 75),
(16, 'Goat Cheese', 2, 0.2, 54),
(17, 'Bacon', 1.5, 0.25, 89);

INSERT INTO TOPPING_AMOUNT(amount_id, amount, size, top_id) VALUES
(1, 2.0, 'small', 1),
(2, 2.75, 'medium', 1),
(3, 3.5, 'large', 1),
(4, 4.5, 'x-large', 1),
(5, 2.5, 'small', 2),
(6, 3, 'medium', 2),
(7, 3.5, 'large', 2),
(8, 4.25, 'x-large', 2),
(9, 2, 'small', 3),
(10, 2.5, 'medium', 3),
(11, 3.25, 'large', 3),
(12, 4, 'x-large', 3),
(13, 1.5, 'small', 4),
(14, 2, 'medium', 4),
(15, 2.25, 'large', 4),
(16, 3, 'x-large', 4),
(17, 1, 'small', 5),
(18, 1.5, 'medium', 5),
(19, 2, 'large', 5),
(20, 2.5, 'x-large', 5),
(21, 1, 'small', 6),
(22, 1.5, 'medium', 6),
(23, 2, 'large', 6),
(24, 2.75, 'x-large', 6),
(25, 2, 'small', 7),
(26, 3, 'medium', 7),
(27, 3.5, 'large', 7),
(28, 4.5, 'x-large', 7),
(29, 1.5, 'small', 8),
(30, 2, 'medium', 8),
(31, 2.5, 'large', 8),
(32, 3.5, 'x-large', 8),
(33, 0.75, 'small', 9),
(34, 1, 'medium', 9),
(35, 1.5, 'large', 9),
(36, 2, 'x-large', 9),
(37, 1, 'small', 10),
(38, 1.25, 'medium', 10),
(39, 1.75, 'large', 10),
(40, 2, 'x-large', 10),
(41, 0.5, 'small', 11),
(42, 0.75, 'medium', 11),
(43, 1.25, 'large', 11),
(44, 1.75, 'x-large', 11),
(45, 0.6, 'small', 12),
(46, 1, 'medium', 12),
(47, 1.3, 'large', 12),
(48, 1.75, 'x-large', 12),
(49, 2, 'small', 13),
(50, 3.5, 'medium', 13),
(51, 5, 'large', 13),
(52, 7, 'x-large', 13),
(53, 2, 'small', 14),
(54, 3.5, 'medium', 14),
(55, 5, 'large', 14),
(56, 7, 'x-large', 14),
(57, 1.75, 'small', 15),
(58, 3, 'medium', 15),
(59, 5, 'large', 15),
(60, 5.5, 'x-large', 15),
(61, 1.6, 'small', 16),
(62, 2.75, 'medium', 16),
(63, 4, 'large', 16),
(64, 5.5, 'x-large', 16),
(65, 1, 'small', 17),
(66, 1.5, 'medium', 17),
(67, 2, 'large', 17),
(68, 3, 'x-large', 17);

INSERT INTO DISCOUNT(discount_id, name) VALUES
(1, 'employee'),
(2, 'Lunch Special Medium'),
(3, 'Lunch Special Large'),
(4, 'Specialty Pizza'),
(5, 'Gameday Special');

INSERT INTO DOLLAR_AMOUNT(discount_id, dollar_amount) VALUES
(2, 1),
(3, 2),
(4, 1.5);

INSERT INTO PERCENTAGE(discount_id, percentage) VALUES
(1, 15),
(5, 20);

SET FOREIGN_KEY_CHECKS = 1;